﻿<?xml version="1.0" encoding="utf-8"?>
<Lines>
  <line TecLocalId="NewToken" Lang="SE" Token="ActionStatusFailure" Value="Fehler" LangToCompare="DE" ValLangToCompare="Fehler" />
  <line TecLocalId="NewToken" Lang="SE" Token="ActionStatusSuccess" Value="Erfolg" LangToCompare="DE" ValLangToCompare="Erfolg" />
  <line TecLocalId="NewToken" Lang="SE" Token="Administration_AppServerIP" Value="Anwendungsserver" LangToCompare="DE" ValLangToCompare="Anwendungsserver" />
  <line TecLocalId="NewToken" Lang="SE" Token="Administration_ChangePassword" Value="Kennwort festlegen" LangToCompare="DE" ValLangToCompare="Kennwort festlegen" />
  <line TecLocalId="NewToken" Lang="SE" Token="Administration_PasswordEmpty" Value="Kennwort ist leer" LangToCompare="DE" ValLangToCompare="Kennwort ist leer" />
  <line TecLocalId="NewToken" Lang="SE" Token="Administration_SaveOk" Value="Speichern OK" LangToCompare="DE" ValLangToCompare="Speichern OK" />
  <line TecLocalId="NewToken" Lang="SE" Token="Administration_SelectAccessStatus" Value="Zugang einrichten" LangToCompare="DE" ValLangToCompare="Zugang einrichten" />
  <line TecLocalId="NewToken" Lang="SE" Token="All Combined" Value="alles kombiniert" LangToCompare="DE" ValLangToCompare="alles kombiniert" />
  <line TecLocalId="NewToken" Lang="SE" Token="At" Value="in" LangToCompare="DE" ValLangToCompare="in" />
  <line TecLocalId="NewToken" Lang="SE" Token="Btn_30Days" Value="30 Tage" LangToCompare="DE" ValLangToCompare="30 Tage" />
  <line TecLocalId="NewToken" Lang="SE" Token="Btn_7Days" Value="7 Tage" LangToCompare="DE" ValLangToCompare="7 Tage" />
  <line TecLocalId="NewToken" Lang="SE" Token="Btn_AddMembers" Value="Partner hinzufügen" LangToCompare="DE" ValLangToCompare="Partner hinzufügen" />
  <line TecLocalId="NewToken" Lang="SE" Token="Btn_Apply" Value="Anwenden" LangToCompare="DE" ValLangToCompare="Anwenden" />
  <line TecLocalId="NewToken" Lang="SE" Token="Btn_DeleteFilters" Value="Filter zurücksetzen" LangToCompare="DE" ValLangToCompare="Filter zurücksetzen" />
  <line TecLocalId="NewToken" Lang="SE" Token="Btn_Finish" Value="Abschließen" LangToCompare="DE" ValLangToCompare="Abschließen" />
  <line TecLocalId="NewToken" Lang="SE" Token="Btn_MoreFilterOpts" Value="Mehr Filterkriterien" LangToCompare="DE" ValLangToCompare="Mehr Filterkriterien" />
  <line TecLocalId="NewToken" Lang="SE" Token="Btn_Next" Value="Weiter" LangToCompare="DE" ValLangToCompare="Weiter" />
  <line TecLocalId="NewToken" Lang="SE" Token="Btn_Prev" Value="Zurück" LangToCompare="DE" ValLangToCompare="Zurück" />
  <line TecLocalId="NewToken" Lang="SE" Token="Btn_ReceivedQuery" Value="Ergebnis abrufen" LangToCompare="DE" ValLangToCompare="Ergebnis abrufen" />
  <line TecLocalId="NewToken" Lang="SE" Token="Btn_Refresh" Value="Aktualisieren" LangToCompare="DE" ValLangToCompare="Aktualisieren" />
  <line TecLocalId="NewToken" Lang="SE" Token="Btn_Today" Value="Heute" LangToCompare="DE" ValLangToCompare="Heute" />
  <line TecLocalId="NewToken" Lang="SE" Token="ChangePwd_ErrorChangingPassword" Value="Fehler beim Ändern des Kennwortes." LangToCompare="DE" ValLangToCompare="Fehler beim Ändern des Kennwortes." />
  <line TecLocalId="NewToken" Lang="SE" Token="ChangePwd_UserAlreadyHasPassword" Value="Benutzer hat bereits ein Kennwort." LangToCompare="DE" ValLangToCompare="Benutzer hat bereits ein Kennwort." />
  <line TecLocalId="NewToken" Lang="SE" Token="CheckRowContinue" Value="Wählen Sie eine Zeile um fortzufahren" LangToCompare="DE" ValLangToCompare="Wählen Sie eine Zeile um fortzufahren" />
  <line TecLocalId="NewToken" Lang="SE" Token="Column_Action" Value="Aktion" LangToCompare="DE" ValLangToCompare="Aktion" />
  <line TecLocalId="NewToken" Lang="SE" Token="Column_CreatedTime" Value="Erstellt" LangToCompare="DE" ValLangToCompare="Erstellt" />
  <line TecLocalId="NewToken" Lang="SE" Token="Column_Download" Value="Download" LangToCompare="DE" ValLangToCompare="Download" />
  <line TecLocalId="NewToken" Lang="SE" Token="Column_FileName" Value="Dateiname" LangToCompare="DE" ValLangToCompare="Dateiname" />
  <line TecLocalId="NewToken" Lang="SE" Token="Column_FileSize" Value="Dateigröße" LangToCompare="DE" ValLangToCompare="Dateigröße" />
  <line TecLocalId="NewToken" Lang="SE" Token="Column_OrganizationName" Value="Organisationsname" LangToCompare="DE" ValLangToCompare="Organisationsname" />
  <line TecLocalId="NewToken" Lang="SE" Token="Column_PlatformID" Value="TecCom ID" LangToCompare="DE" ValLangToCompare="TecCom ID" />
  <line TecLocalId="NewToken" Lang="SE" Token="Column_Privilege" Value="Privileg" LangToCompare="DE" ValLangToCompare="Privileg" />
  <line TecLocalId="NewToken" Lang="SE" Token="Communication_Error" Value="Kommunikationsfehler" LangToCompare="DE" ValLangToCompare="Kommunikationsfehler" />
  <line TecLocalId="NewToken" Lang="SE" Token="DeleteContentMsg" Value="Wollen Sie den aktuellen Eintrag wirklich löschen?" LangToCompare="DE" ValLangToCompare="Wollen Sie den aktuellen Eintrag wirklich löschen?" />
  <line TecLocalId="NewToken" Lang="SE" Token="DeleteError" Value="Fehler beim Löschen" LangToCompare="DE" ValLangToCompare="Fehler beim Löschen" />
  <line TecLocalId="NewToken" Lang="SE" Token="DeleteOK" Value="Löschen OK" LangToCompare="DE" ValLangToCompare="Löschen OK" />
  <line TecLocalId="NewToken" Lang="SE" Token="DeleteOrg_Error" Value="Fehler beim Löschen" LangToCompare="DE" ValLangToCompare="Fehler beim Löschen" />
  <line TecLocalId="NewToken" Lang="SE" Token="DeleteOrg_NotPossible" Value="Die aktuelle Organisation kann nicht gelöscht werden" LangToCompare="DE" ValLangToCompare="Die aktuelle Organisation kann nicht gelöscht werden" />
  <line TecLocalId="NewToken" Lang="SE" Token="DeleteUser_NotPossible" Value="Benutzer kann nicht gelöscht werden" LangToCompare="DE" ValLangToCompare="Benutzer kann nicht gelöscht werden" />
  <line TecLocalId="NewToken" Lang="SE" Token="DeleteUserPwd_NotPossible" Value="Löschen des Benutzerkennwortes nicht möglich." LangToCompare="DE" ValLangToCompare="Löschen des Benutzerkennwortes nicht möglich." />
  <line TecLocalId="NewToken" Lang="SE" Token="DeleteUserPwdOk" Value="Kennwort wurde gelöscht" LangToCompare="DE" ValLangToCompare="Kennwort wurde gelöscht" />
  <line TecLocalId="NewToken" Lang="SE" Token="DetailsFor" Value="Details für" LangToCompare="DE" ValLangToCompare="Details für" />
  <line TecLocalId="NewToken" Lang="SE" Token="DetailsOf" Value="Details für" LangToCompare="DE" ValLangToCompare="Details für" />
  <line TecLocalId="NewToken" Lang="SE" Token="DiscardChanges_Content" Value="Wollen Sie die Änderungen wirklich verwerfen?" LangToCompare="DE" ValLangToCompare="Wollen Sie die Änderungen wirklich verwerfen?" />
  <line TecLocalId="NewToken" Lang="SE" Token="DiscardChanges_Title" Value="Änderungen verwerfen?" LangToCompare="DE" ValLangToCompare="Änderungen verwerfen?" />
  <line TecLocalId="NewToken" Lang="SE" Token="DocumentFound" Value="Dokument gefunden" LangToCompare="DE" ValLangToCompare="Dokument gefunden" />
  <line TecLocalId="NewToken" Lang="SE" Token="DocumentNotified" Value="Mitgeteilt" LangToCompare="DE" ValLangToCompare="Mitgeteilt" />
  <line TecLocalId="NewToken" Lang="SE" Token="DocumentProcessed" Value="Bearbeitet" LangToCompare="DE" ValLangToCompare="Bearbeitet" />
  <line TecLocalId="NewToken" Lang="SE" Token="DocumentRouting" Value="Routing" LangToCompare="DE" ValLangToCompare="Routing" />
  <line TecLocalId="NewToken" Lang="SE" Token="DocumentSave" Value="Eintragen in DB" LangToCompare="DE" ValLangToCompare="Eintragen in DB" />
  <line TecLocalId="NewToken" Lang="SE" Token="DocumentSending" Value="Senden" LangToCompare="DE" ValLangToCompare="Senden" />
  <line TecLocalId="NewToken" Lang="SE" Token="DocumentValidation" Value="Dokument prüfen" LangToCompare="DE" ValLangToCompare="Dokument prüfen" />
  <line TecLocalId="NewToken" Lang="SE" Token="DtsTracking_DebugLogTitle" Value="DTS Debug Log" LangToCompare="DE" ValLangToCompare="DTS Debug Log" />
  <line TecLocalId="NewToken" Lang="SE" Token="DtsTracking_Details" Value="DTS Tracking Details" LangToCompare="DE" ValLangToCompare="DTS Tracking Details" />
  <line TecLocalId="NewToken" Lang="SE" Token="DtsTracking_Header" Value="DTS Tracking Liste" LangToCompare="DE" ValLangToCompare="DTS Tracking Liste" />
  <line TecLocalId="NewToken" Lang="SE" Token="DtsTracking_ViewLog" Value="Zeige Log" LangToCompare="DE" ValLangToCompare="Zeige Log" />
  <line TecLocalId="NewToken" Lang="SE" Token="DtsTrackingStateError" Value="Fehler" LangToCompare="DE" ValLangToCompare="Fehler" />
  <line TecLocalId="NewToken" Lang="SE" Token="DtsTrackingStateProcessing" Value="in Bearbeitung" LangToCompare="DE" ValLangToCompare="in Bearbeitung" />
  <line TecLocalId="NewToken" Lang="SE" Token="DtsTrackingStateSent" Value="Gesendet" LangToCompare="DE" ValLangToCompare="Gesendet" />
  <line TecLocalId="NewToken" Lang="SE" Token="export_all" Value="Alles" LangToCompare="DE" ValLangToCompare="Alles" />
  <line TecLocalId="NewToken" Lang="SE" Token="export_csv" Value="CSV" LangToCompare="DE" ValLangToCompare="CSV" />
  <line TecLocalId="NewToken" Lang="SE" Token="Export_Header" Value="Export- Liste" LangToCompare="DE" ValLangToCompare="Export- Liste" />
  <line TecLocalId="NewToken" Lang="SE" Token="export_html" Value="HTML" LangToCompare="DE" ValLangToCompare="HTML" />
  <line TecLocalId="NewToken" Lang="SE" Token="export_pdf" Value="PDF" LangToCompare="DE" ValLangToCompare="PDF" />
  <line TecLocalId="NewToken" Lang="SE" Token="ExportAllMessage" Value="Alles exporitieren wurde ausgeführt" LangToCompare="DE" ValLangToCompare="Alles exporitieren wurde ausgeführt" />
  <line TecLocalId="NewToken" Lang="SE" Token="ExportAllTitle" Value="Alles exportieren" LangToCompare="DE" ValLangToCompare="Alles exportieren" />
  <line TecLocalId="NewToken" Lang="SE" Token="Express Orders" Value="Expressbestellungen" LangToCompare="DE" ValLangToCompare="Expressbestellungen" />
  <line TecLocalId="NewToken" Lang="SE" Token="Fill" Value="Füllen" LangToCompare="DE" ValLangToCompare="Füllen" />
  <line TecLocalId="NewToken" Lang="SE" Token="Grid_Columns" Value="Spalten" LangToCompare="DE" ValLangToCompare="Spalten" />
  <line TecLocalId="NewToken" Lang="SE" Token="Grid_FilterDisabled" Value="Die Detailsuche ist deaktiviert da die Anzahl der Ergebnisse den eingestellten Grenzwert überschreitet." LangToCompare="DE" ValLangToCompare="Die Detailsuche ist deaktiviert da die Anzahl der Ergebnisse den eingestellten Grenzwert überschreitet." />
  <line TecLocalId="NewToken" Lang="SE" Token="Grid_Save_View" Value="Ansicht speichern" LangToCompare="DE" ValLangToCompare="Ansicht speichern" />
  <line TecLocalId="NewToken" Lang="SE" Token="Grid_SetState_Error" Value="Fehler: Parameter benötigt" LangToCompare="DE" ValLangToCompare="Fehler: Parameter benötigt" />
  <line TecLocalId="NewToken" Lang="SE" Token="Grid_SetState_OK" Value="Ihre Einstellungen wurden gespeichert." LangToCompare="DE" ValLangToCompare="Ihre Einstellungen wurden gespeichert." />
  <line TecLocalId="NewToken" Lang="SE" Token="Grid_SetState_Title" Value="Einstellungen gespeichert" LangToCompare="DE" ValLangToCompare="Einstellungen gespeichert" />
  <line TecLocalId="NewToken" Lang="SE" Token="IllegalRequest" Value="Unzulässige Anfrage" LangToCompare="DE" ValLangToCompare="Unzulässige Anfrage" />
  <line TecLocalId="NewToken" Lang="SE" Token="Imprint_ExclusionNote" Value="Trotz sorgfältiger inhaltlicher Kontrolle übernimmt TecAlliance GmbH keine Haftung für die Inhalte externer Links. Für den Inhalt der verlinkten Seiten sind ausschließlich deren Betreiber verantwortlich.&#xD;&#xA;&#xD;&#xA;TecAlliance GmbH ist bemüht, ihr Webangebot stets aktuell und inhaltlich richtig sowie vollständig anzubieten. Dennoch ist das Auftreten von Fehlern nicht völlig auszuschließen.&#xD;&#xA;&#xD;&#xA;TecAlliance GmbH übernimmt keine Haftung für die Aktualität, die inhaltliche Richtigkeit sowie für die Vollständigkeit der in ihrem Webangebot eingestellten Informationen, es sei denn die Fehler wurden vorsätzlich oder grob fahrlässig aufgenommen. Dies bezieht sich auf eventuelle Schäden materieller oder ideeller Art dritter, die durch die Nutzung dieses Webangebots verursacht wurden.&#xD;&#xA;" LangToCompare="DE" ValLangToCompare="Trotz sorgfältiger inhaltlicher Kontrolle übernimmt TecAlliance GmbH keine Haftung für die Inhalte externer Links. Für den Inhalt der verlinkten Seiten sind ausschließlich deren Betreiber verantwortlich.&#xD;&#xA;&#xD;&#xA;TecAlliance GmbH ist bemüht, ihr Webangebot stets aktuell und inhaltlich richtig sowie vollständig anzubieten. Dennoch ist das Auftreten von Fehlern nicht völlig auszuschließen.&#xD;&#xA;&#xD;&#xA;TecAlliance GmbH übernimmt keine Haftung für die Aktualität, die inhaltliche Richtigkeit sowie für die Vollständigkeit der in ihrem Webangebot eingestellten Informationen, es sei denn die Fehler wurden vorsätzlich oder grob fahrlässig aufgenommen. Dies bezieht sich auf eventuelle Schäden materieller oder ideeller Art dritter, die durch die Nutzung dieses Webangebots verursacht wurden.&#xD;&#xA;" />
  <line TecLocalId="NewToken" Lang="SE" Token="Imprint_ExclusionNoteTitle" Value="Haftungshinweis" LangToCompare="DE" ValLangToCompare="Haftungshinweis" />
  <line TecLocalId="NewToken" Lang="SE" Token="Imprint_ManagingDirector" Value="&#xD;&#xA;Jürgen Buchert&#xD;&#xA;&#xD;&#xA;Die Firma ist eingetragen ins Handelsregister beim AG München unter der&#xD;&#xA;HRB-Nr. 134 509&#xD;&#xA;Ust.-IdNr.: DE 21230671" LangToCompare="DE" ValLangToCompare="&#xD;&#xA;Jürgen Buchert&#xD;&#xA;&#xD;&#xA;Die Firma ist eingetragen ins Handelsregister beim AG München unter der&#xD;&#xA;HRB-Nr. 134 509&#xD;&#xA;Ust.-IdNr.: DE 21230671" />
  <line TecLocalId="NewToken" Lang="SE" Token="Imprint_ManagingDirectorTitle" Value="Geschäftsführer" LangToCompare="DE" ValLangToCompare="Geschäftsführer" />
  <line TecLocalId="NewToken" Lang="SE" Token="Imprint_RightOfUse" Value="Copyright © by&#xD;&#xA;TecAlliance GmbH&#xD;&#xA;Steinheilstr. 10&#xD;&#xA;85737 Ismaning" LangToCompare="DE" ValLangToCompare="Copyright © by&#xD;&#xA;TecAlliance GmbH&#xD;&#xA;Steinheilstr. 10&#xD;&#xA;85737 Ismaning" />
  <line TecLocalId="NewToken" Lang="SE" Token="Imprint_RightOfUseTitle" Value="Nutzungsrechte" LangToCompare="DE" ValLangToCompare="Nutzungsrechte" />
  <line TecLocalId="NewToken" Lang="SE" Token="Imprint_RightsReserved" Value="Die Urheberrechte dieser Web-Site liegen vollständig bei der TecAlliance GmbH." LangToCompare="DE" ValLangToCompare="Die Urheberrechte dieser Web-Site liegen vollständig bei der TecAlliance GmbH." />
  <line TecLocalId="NewToken" Lang="SE" Token="Imprint_RightsReservedTitle" Value="Alle Rechte vorbehalten." LangToCompare="DE" ValLangToCompare="Alle Rechte vorbehalten." />
  <line TecLocalId="NewToken" Lang="SE" Token="Imprint_TecComAddress1" Value="Steinheilstraße 10" LangToCompare="DE" ValLangToCompare="Steinheilstraße 10" />
  <line TecLocalId="NewToken" Lang="SE" Token="Imprint_TecComAddress2" Value="85737 Ismaning" LangToCompare="DE" ValLangToCompare="85737 Ismaning" />
  <line TecLocalId="NewToken" Lang="SE" Token="Imprint_TecComFax" Value="Fax +49 (0)89-32 12 16-100" LangToCompare="DE" ValLangToCompare="Fax +49 (0)89-32 12 16-100" />
  <line TecLocalId="NewToken" Lang="SE" Token="Imprint_TecComPhone" Value="Telefon +49 (0)89-32 12 16-0" LangToCompare="DE" ValLangToCompare="Telefon +49 (0)89-32 12 16-0" />
  <line TecLocalId="NewToken" Lang="SE" Token="INBOUND_DETAIL_PLUS" Value="Plus" LangToCompare="DE" ValLangToCompare="Plus" />
  <line TecLocalId="NewToken" Lang="SE" Token="Inbound_Header" Value="Eingangsjournal" LangToCompare="DE" ValLangToCompare="Eingangsjournal" />
  <line TecLocalId="NewToken" Lang="SE" Token="InboundDetailHeader" Value="Artikelliste" LangToCompare="DE" ValLangToCompare="Artikelliste" />
  <line TecLocalId="NewToken" Lang="SE" Token="InboundFilter_Title" Value="Filter für Eingänge" LangToCompare="DE" ValLangToCompare="Filter für Eingänge" />
  <line TecLocalId="NewToken" Lang="SE" Token="InboundRow_Address2" Value="Zus. Adresse:" LangToCompare="DE" ValLangToCompare="Zus. Adresse:" />
  <line TecLocalId="Var2366" Lang="SE" Token="InboundRow_Name2" Value="Zus. Name" LangToCompare="DE" ValLangToCompare="Zus. Name" />
  <line TecLocalId="NewToken" Lang="SE" Token="InboundRow_ShipToAddress2" Value="Zus. Adresse:" LangToCompare="DE" ValLangToCompare="Zus. Adresse:" />
  <line TecLocalId="NewToken" Lang="SE" Token="InboundRow_ShipToName2" Value="Zus. Name:" LangToCompare="DE" ValLangToCompare="Zus. Name:" />
  <line TecLocalId="NewToken" Lang="SE" Token="InformationUpdated" Value="Information aktualisiert" LangToCompare="DE" ValLangToCompare="Information aktualisiert" />
  <line TecLocalId="NewToken" Lang="SE" Token="Inquiries" Value="Anfragen" LangToCompare="DE" ValLangToCompare="Anfragen" />
  <line TecLocalId="NewToken" Lang="SE" Token="Line" Value="Zeile" LangToCompare="DE" ValLangToCompare="Zeile" />
  <line TecLocalId="NewToken" Lang="SE" Token="Login_InvalidUserNameOrPassword" Value="Ungültiger Benutzername oder Kennwort." LangToCompare="DE" ValLangToCompare="Ungültiger Benutzername oder Kennwort." />
  <line TecLocalId="NewToken" Lang="SE" Token="Login_ToTecControls" Value="Anmeldung TecConnect 4.1" LangToCompare="DE" ValLangToCompare="Anmeldung TecConnect 4.1" />
  <line TecLocalId="NewToken" Lang="SE" Token="Login_WelcomeTecConnect" Value="Willkommen bei TecConnect 4.1" LangToCompare="DE" ValLangToCompare="Willkommen bei TecConnect 4.1" />
  <line TecLocalId="NewToken" Lang="SE" Token="Logout_Content" Value="Wollen Sie sich wirklich abmelden?" LangToCompare="DE" ValLangToCompare="Wollen Sie sich wirklich abmelden?" />
  <line TecLocalId="NewToken" Lang="SE" Token="Logout_Title" Value="%username% abmelden?" LangToCompare="DE" ValLangToCompare="%username% abmelden?" />
  <line TecLocalId="NewToken" Lang="SE" Token="LogoutAndDiscard_Content" Value="Wollen Sie sich wirklich abmelden und die Änderung verwerfen?" LangToCompare="DE" ValLangToCompare="Wollen Sie sich wirklich abmelden und die Änderung verwerfen?" />
  <line TecLocalId="NewToken" Lang="SE" Token="Menu_Dashboard" Value="Dashboard" LangToCompare="DE" ValLangToCompare="Dashboard" />
  <line TecLocalId="NewToken" Lang="SE" Token="Menu_DTSTracking" Value="DTS Tracking" LangToCompare="DE" ValLangToCompare="DTS Tracking" />
  <line TecLocalId="NewToken" Lang="SE" Token="Menu_Export" Value="Export- Liste" LangToCompare="DE" ValLangToCompare="Export- Liste" />
  <line TecLocalId="NewToken" Lang="SE" Token="Menu_Imprint" Value="Impressum" LangToCompare="DE" ValLangToCompare="Impressum" />
  <line TecLocalId="NewToken" Lang="SE" Token="Menu_Inbound" Value="Eingang" LangToCompare="DE" ValLangToCompare="Eingang" />
  <line TecLocalId="NewToken" Lang="SE" Token="Menu_InboundDetail" Value="Eingangsdetails" LangToCompare="DE" ValLangToCompare="Eingangsdetails" />
  <line TecLocalId="NewToken" Lang="SE" Token="Menu_Outbound" Value="Ausgang" LangToCompare="DE" ValLangToCompare="Ausgang" />
  <line TecLocalId="NewToken" Lang="SE" Token="Menu_OutboundDetail" Value="Ausgangsdetails" LangToCompare="DE" ValLangToCompare="Ausgangsdetails" />
  <line TecLocalId="NewToken" Lang="SE" Token="Menu_Prefile" Value="TecPrefile" LangToCompare="DE" ValLangToCompare="TecPrefile" />
  <line TecLocalId="NewToken" Lang="SE" Token="Menu_Statistics" Value="Statistik" LangToCompare="DE" ValLangToCompare="Statistik" />
  <line TecLocalId="NewToken" Lang="SE" Token="Menu_TecAddons" Value="TecAddons" LangToCompare="DE" ValLangToCompare="TecAddons" />
  <line TecLocalId="NewToken" Lang="SE" Token="Menu_TecConnect" Value="TecConnect" LangToCompare="DE" ValLangToCompare="TecConnect" />
  <line TecLocalId="NewToken" Lang="SE" Token="NoInfo" Value="Keine entsprechende Information zu diesem Eintrag" LangToCompare="DE" ValLangToCompare="Keine entsprechende Information zu diesem Eintrag" />
  <line TecLocalId="NewToken" Lang="SE" Token="NotAuthorized" Value="nicht berechtigt" LangToCompare="DE" ValLangToCompare="nicht berechtigt" />
  <line TecLocalId="NewToken" Lang="SE" Token="OperationNotAllowed" Value="Vorgang nicht erlaubt" LangToCompare="DE" ValLangToCompare="Vorgang nicht erlaubt" />
  <line TecLocalId="NewToken" Lang="SE" Token="OperationSuccessful" Value="Vorgang erfolgreich" LangToCompare="DE" ValLangToCompare="Vorgang erfolgreich" />
  <line TecLocalId="NewToken" Lang="SE" Token="Order Response" Value="Auftragsbestätigung" LangToCompare="DE" ValLangToCompare="Auftragsbestätigung" />
  <line TecLocalId="NewToken" Lang="SE" Token="Organization_AddUser" Value="Benutzer hinzufügen" LangToCompare="DE" ValLangToCompare="Benutzer hinzufügen" />
  <line TecLocalId="NewToken" Lang="SE" Token="Organization_BasicInfo" Value="Basisinformation" LangToCompare="DE" ValLangToCompare="Basisinformation" />
  <line TecLocalId="NewToken" Lang="SE" Token="Organization_CreateUser" Value="Benutzer erstellen" LangToCompare="DE" ValLangToCompare="Benutzer erstellen" />
  <line TecLocalId="NewToken" Lang="SE" Token="Organization_Details" Value="Organisationsdetails" LangToCompare="DE" ValLangToCompare="Organisationsdetails" />
  <line TecLocalId="NewToken" Lang="SE" Token="Organization_Header" Value="Organisationsliste" LangToCompare="DE" ValLangToCompare="Organisationsliste" />
  <line TecLocalId="NewToken" Lang="SE" Token="Organization_SaveData" Value="Daten speichern" LangToCompare="DE" ValLangToCompare="Daten speichern" />
  <line TecLocalId="NewToken" Lang="SE" Token="Organization_Setup" Value="Online Konfiguration einrichten" LangToCompare="DE" ValLangToCompare="Online Konfiguration einrichten" />
  <line TecLocalId="NewToken" Lang="SE" Token="Organization_SetupName" Value="Organisationsname" LangToCompare="DE" ValLangToCompare="Organisationsname" />
  <line TecLocalId="NewToken" Lang="SE" Token="Organization_SetupPasswordConfirmation" Value="Kennwort wiederholen" LangToCompare="DE" ValLangToCompare="Kennwort wiederholen" />
  <line TecLocalId="NewToken" Lang="SE" Token="Organization_Step" Value="Schritt" LangToCompare="DE" ValLangToCompare="Schritt" />
  <line TecLocalId="NewToken" Lang="SE" Token="Organization_User" Value="Benutzer" LangToCompare="DE" ValLangToCompare="Benutzer" />
  <line TecLocalId="NewToken" Lang="SE" Token="OrganizationAaddNew_CreateNewOrganization_OK" Value="Organisation erstellt" LangToCompare="DE" ValLangToCompare="Organisation erstellt" />
  <line TecLocalId="NewToken" Lang="SE" Token="OrganizationAddNew_CheckExistingOrganization_OK" Value="Organisation OK" LangToCompare="DE" ValLangToCompare="Organisation OK" />
  <line TecLocalId="NewToken" Lang="SE" Token="OrganizationAddNew_CreateNewOrganization_Error" Value="Fehler beim Erstellen der neuen Organisation" LangToCompare="DE" ValLangToCompare="Fehler beim Erstellen der neuen Organisation" />
  <line TecLocalId="NewToken" Lang="SE" Token="OrganizationAddNew_CreateNewOrganization_OK" Value="Organisation erstellt" LangToCompare="DE" ValLangToCompare="Organisation erstellt" />
  <line TecLocalId="NewToken" Lang="SE" Token="OrganizationAddNew_CreateTitle" Value="Neue Organisation erstellen" LangToCompare="DE" ValLangToCompare="Neue Organisation erstellen" />
  <line TecLocalId="NewToken" Lang="SE" Token="OrganizationAddNew_CreateTitle_Id" Value="Organisationsname" LangToCompare="DE" ValLangToCompare="Organisationsname" />
  <line TecLocalId="NewToken" Lang="SE" Token="OrganizationAddNew_OrganizationExists" Value="Organisation mit ID {0} existiert bereits" LangToCompare="DE" ValLangToCompare="Organisation mit ID {0} existiert bereits" />
  <line TecLocalId="NewToken" Lang="SE" Token="OrganizationDelete_Content" Value="Sie sind im Begriff %orgs% zu löschen und damit verbunden ebenfalls alle Journaleinträge und Dokumente! Sind Sie sicher?" LangToCompare="DE" ValLangToCompare="Sie sind im Begriff %orgs% zu löschen und damit verbunden ebenfalls alle Journaleinträge und Dokumente! Sind Sie sicher?" />
  <line TecLocalId="NewToken" Lang="SE" Token="OrganizationProfile_Body" Value="Alle Änderungen hier beeinflussen Ihr TecOrder Profil auf der TecAlliance Plattform" LangToCompare="DE" ValLangToCompare="Alle Änderungen hier beeinflussen Ihr TecOrder Profil auf der TecAlliance Plattform" />
  <line TecLocalId="NewToken" Lang="SE" Token="OrganizationProfile_Title" Value="TecCom Plattform Profil" LangToCompare="DE" ValLangToCompare="TecCom Plattform Profil" />
  <line TecLocalId="NewToken" Lang="SE" Token="OrganizationsDelete_Content" Value="Sie sind im Begriff die %orgs% ausgewählten Organisationen einschließlich deren Journaleinträge und Dokumente zu löschen! Sind Sie sicher?" LangToCompare="DE" ValLangToCompare="Sie sind im Begriff die %orgs% ausgewählten Organisationen einschließlich deren Journaleinträge und Dokumente zu löschen! Sind Sie sicher?" />
  <line TecLocalId="NewToken" Lang="SE" Token="OrganizationUpdateProfile" Value="Sie sind im Begriff Ihr Profil auf der TecOrder Plattform zu ändern! Sind Sie sicher?" LangToCompare="DE" ValLangToCompare="Sie sind im Begriff Ihr Profil auf der TecOrder Plattform zu ändern! Sind Sie sicher?" />
  <line TecLocalId="NewToken" Lang="SE" Token="OUTBOUND_DETAIL_MINUS" Value="Minus" LangToCompare="DE" ValLangToCompare="Minus" />
  <line TecLocalId="NewToken" Lang="SE" Token="OUTBOUND_DETAIL_PLUS" Value="Plus" LangToCompare="DE" ValLangToCompare="Plus" />
  <line TecLocalId="NewToken" Lang="SE" Token="OutboundDetailHeader" Value="Artikelliste" LangToCompare="DE" ValLangToCompare="Artikelliste" />
  <line TecLocalId="NewToken" Lang="SE" Token="OutboundFilter_Title" Value="Filter für Ausgänge" LangToCompare="DE" ValLangToCompare="Filter für Ausgänge" />
  <line TecLocalId="NewToken" Lang="SE" Token="OutboundRow_RevMessage" Value="Rückmeldungen" LangToCompare="DE" ValLangToCompare="Rückmeldungen" />
  <line TecLocalId="NewToken" Lang="SE" Token="OutboundRow_ShipTo_Address2" Value="Zus. Adresse:" LangToCompare="DE" ValLangToCompare="Zus. Adresse:" />
  <line TecLocalId="NewToken" Lang="SE" Token="OutboundRow_ShipTo_LastName" Value="Zus.Name" LangToCompare="DE" ValLangToCompare="Zus.Name" />
  <line TecLocalId="NewToken" Lang="SE" Token="PartnerDelete_Content" Value="Wollen Sie %partners% wirklich löschen?" LangToCompare="DE" ValLangToCompare="Wollen Sie %partners% wirklich löschen?" />
  <line TecLocalId="NewToken" Lang="SE" Token="Partners_AddMember" Value="Partner hinzufügen" LangToCompare="DE" ValLangToCompare="Partner hinzufügen" />
  <line TecLocalId="NewToken" Lang="SE" Token="Partners_Details" Value="Details" LangToCompare="DE" ValLangToCompare="Details" />
  <line TecLocalId="NewToken" Lang="SE" Token="Partners_DisableOrder" Value="Bestellung deaktivieren" LangToCompare="DE" ValLangToCompare="Bestellung deaktivieren" />
  <line TecLocalId="NewToken" Lang="SE" Token="Partners_DisableRequest" Value="Anfrage deaktivieren" LangToCompare="DE" ValLangToCompare="Anfrage deaktivieren" />
  <line TecLocalId="NewToken" Lang="SE" Token="Partners_DisableStatRequest" Value="Statusanfrage deaktivieren" LangToCompare="DE" ValLangToCompare="Statusanfrage deaktivieren" />
  <line TecLocalId="NewToken" Lang="SE" Token="Partners_DisableStockOrder" Value="Lagerbestellung deaktivieren" LangToCompare="DE" ValLangToCompare="Lagerbestellung deaktivieren" />
  <line TecLocalId="NewToken" Lang="SE" Token="Partners_Header" Value="Partnerliste" LangToCompare="DE" ValLangToCompare="Partnerliste" />
  <line TecLocalId="NewToken" Lang="SE" Token="Partners_MemberSelected" Value="ausgewählter Teilnehmer" LangToCompare="DE" ValLangToCompare="ausgewählter Teilnehmer" />
  <line TecLocalId="NewToken" Lang="SE" Token="Partners_SearchMembers" Value="Nach Teilnehmern suchen" LangToCompare="DE" ValLangToCompare="Nach Teilnehmern suchen" />
  <line TecLocalId="NewToken" Lang="SE" Token="Partners_SearchResults" Value="Suchergebnisse" LangToCompare="DE" ValLangToCompare="Suchergebnisse" />
  <line TecLocalId="NewToken" Lang="SE" Token="Partners_Step1" Value="Schritt 1" LangToCompare="DE" ValLangToCompare="Schritt 1" />
  <line TecLocalId="NewToken" Lang="SE" Token="Partners_Step2" Value="Schritt 2" LangToCompare="DE" ValLangToCompare="Schritt 2" />
  <line TecLocalId="NewToken" Lang="SE" Token="Partners_Step3" Value="Schritt 3" LangToCompare="DE" ValLangToCompare="Schritt 3" />
  <line TecLocalId="NewToken" Lang="SE" Token="PartnersAddNew_NoParticipans" Value="Kein Teilnehmer gefunden" LangToCompare="DE" ValLangToCompare="Kein Teilnehmer gefunden" />
  <line TecLocalId="NewToken" Lang="SE" Token="PartnersAddNew_Ok" Value="Ausgewählte Teilnehmer wurden der Partnerliste hinzugefügt" LangToCompare="DE" ValLangToCompare="Ausgewählte Teilnehmer wurden der Partnerliste hinzugefügt" />
  <line TecLocalId="NewToken" Lang="SE" Token="PartnersAddNew_SearchByTecComIdMsg" Value="Bitte legen Sie weitere Suchparameter fest" LangToCompare="DE" ValLangToCompare="Bitte legen Sie weitere Suchparameter fest" />
  <line TecLocalId="NewToken" Lang="SE" Token="PartnersAddNew_SearchByTecComIdTitle" Value="Die Suche mit der TecCom ID in allen Teilnehmern war nur begrenzt erfolgreich" LangToCompare="DE" ValLangToCompare="Die Suche mit der TecCom ID in allen Teilnehmern war nur begrenzt erfolgreich" />
  <line TecLocalId="NewToken" Lang="SE" Token="PartnersAddNew_SearchPartners_Error" Value="Fehler beim Suchen der Partner" LangToCompare="DE" ValLangToCompare="Fehler beim Suchen der Partner" />
  <line TecLocalId="NewToken" Lang="SE" Token="PartnersAddNew_Title" Value="Neuer Partner" LangToCompare="DE" ValLangToCompare="Neuer Partner" />
  <line TecLocalId="NewToken" Lang="SE" Token="PartnersDelete_Content" Value="Wollen Sie die %partners% ausgewählten Partner wirklich löschen?" LangToCompare="DE" ValLangToCompare="Wollen Sie die %partners% ausgewählten Partner wirklich löschen?" />
  <line TecLocalId="NewToken" Lang="SE" Token="Received_Details" Value="Dokument anzeigen" LangToCompare="DE" ValLangToCompare="Dokument anzeigen" />
  <line TecLocalId="NewToken" Lang="SE" Token="ReceivedFilter_Company" Value="Unternehmen" LangToCompare="DE" ValLangToCompare="Unternehmen" />
  <line TecLocalId="NewToken" Lang="SE" Token="ReceivedFilter_Title" Value="Filter für Empfangen" LangToCompare="DE" ValLangToCompare="Filter für Empfangen" />
  <line TecLocalId="NewToken" Lang="SE" Token="RowDelete_Content" Value="Wollen Sie %info% wirklich löschen?" LangToCompare="DE" ValLangToCompare="Wollen Sie %info% wirklich löschen?" />
  <line TecLocalId="NewToken" Lang="SE" Token="RowNotChecked" Value="Keine Zeile ausgewählt" LangToCompare="DE" ValLangToCompare="Keine Zeile ausgewählt" />
  <line TecLocalId="NewToken" Lang="SE" Token="RowNotSelected" Value="Keine Zeile ausgewählt" LangToCompare="DE" ValLangToCompare="Keine Zeile ausgewählt" />
  <line TecLocalId="NewToken" Lang="SE" Token="RowsDelete_Content" Value="Wollen Sie die %info% ausgewählten Einträge wirklich löschen?" LangToCompare="DE" ValLangToCompare="Wollen Sie die %info% ausgewählten Einträge wirklich löschen?" />
  <line TecLocalId="NewToken" Lang="SE" Token="Save_Error" Value="Fehler beim Speichern" LangToCompare="DE" ValLangToCompare="Fehler beim Speichern" />
  <line TecLocalId="NewToken" Lang="SE" Token="Save_OK" Value="Speichern OK" LangToCompare="DE" ValLangToCompare="Speichern OK" />
  <line TecLocalId="NewToken" Lang="SE" Token="Save_Title" Value="Information gespeichert" LangToCompare="DE" ValLangToCompare="Information gespeichert" />
  <line TecLocalId="NewToken" Lang="SE" Token="SelectRowContinue" Value="Wählen Sie eine Zeile um fortzufahren" LangToCompare="DE" ValLangToCompare="Wählen Sie eine Zeile um fortzufahren" />
  <line TecLocalId="Var561" Lang="SE" Token="Sent_Details" Value="Dokument anzeigen" LangToCompare="DE" ValLangToCompare="Dokument anzeigen" />
  <line TecLocalId="NewToken" Lang="SE" Token="SENT_ICN_CREDITNOTE" Value="Gutschrift" LangToCompare="DE" ValLangToCompare="Gutschrift" />
  <line TecLocalId="NewToken" Lang="SE" Token="SENT_ICN_DEBITNOTE" Value="Lastschrift" LangToCompare="DE" ValLangToCompare="Lastschrift" />
  <line TecLocalId="NewToken" Lang="SE" Token="SENT_ICN_STAT_ACCEPTED" Value="Akzeptiert" LangToCompare="DE" ValLangToCompare="Akzeptiert" />
  <line TecLocalId="NewToken" Lang="SE" Token="SENT_ICN_STAT_DELIVERED" Value="Geliefert" LangToCompare="DE" ValLangToCompare="Geliefert" />
  <line TecLocalId="NewToken" Lang="SE" Token="SENT_ICN_STAT_INDIFFERENT" Value="Indifferent" LangToCompare="DE" ValLangToCompare="Indifferent" />
  <line TecLocalId="NewToken" Lang="SE" Token="SENT_ICN_STAT_INQUIRED" Value="Angefragt" LangToCompare="DE" ValLangToCompare="Angefragt" />
  <line TecLocalId="NewToken" Lang="SE" Token="SENT_ICN_STAT_NONDELIVERY" Value="Nicht geliefert" LangToCompare="DE" ValLangToCompare="Nicht geliefert" />
  <line TecLocalId="NewToken" Lang="SE" Token="SENT_ICN_TYPE_ORDER_RESPONSE" Value="Auftragsbestätigung" LangToCompare="DE" ValLangToCompare="Auftragsbestätigung" />
  <line TecLocalId="NewToken" Lang="SE" Token="SentFilter_Title" Value="Filter für Gesendet" LangToCompare="DE" ValLangToCompare="Filter für Gesendet" />
  <line TecLocalId="NewToken" Lang="SE" Token="ShipsToDelete_Content" Value="Wollen Sie die %ships% ausgewählten Warenempfänger wirklich löschen?" LangToCompare="DE" ValLangToCompare="Wollen Sie die %ships% ausgewählten Warenempfänger wirklich löschen?" />
  <line TecLocalId="NewToken" Lang="SE" Token="ShipTo_AddressNotSpecified" Value="Warenempfänger nicht spezifiziert" LangToCompare="DE" ValLangToCompare="Warenempfänger nicht spezifiziert" />
  <line TecLocalId="NewToken" Lang="SE" Token="ShipTo_AddressSpecified" Value="Warenempfänger spezifiziert" LangToCompare="DE" ValLangToCompare="Warenempfänger spezifiziert" />
  <line TecLocalId="NewToken" Lang="SE" Token="ShipTo_Details" Value="Details" LangToCompare="DE" ValLangToCompare="Details" />
  <line TecLocalId="NewToken" Lang="SE" Token="Shipto_Header" Value="Warenempfängerliste" LangToCompare="DE" ValLangToCompare="Warenempfängerliste" />
  <line TecLocalId="NewToken" Lang="SE" Token="ShiptoAddNew_EnterShipToData1" Value="Schritt 1" LangToCompare="DE" ValLangToCompare="Schritt 1" />
  <line TecLocalId="NewToken" Lang="SE" Token="ShiptoAddNew_EnterShipToData2" Value="Adresse" LangToCompare="DE" ValLangToCompare="Adresse" />
  <line TecLocalId="NewToken" Lang="SE" Token="ShipToAddNew_ZipCity" Value="PLZ / Stadt" LangToCompare="DE" ValLangToCompare="PLZ / Stadt" />
  <line TecLocalId="NewToken" Lang="SE" Token="ShipToDelete_Content" Value="Wollen Sie wirklich den Warenempfänger %ships% löschen?" LangToCompare="DE" ValLangToCompare="Wollen Sie wirklich den Warenempfänger %ships% löschen?" />
  <line TecLocalId="NewToken" Lang="SE" Token="ShipToDelete_OK" Value="Löschen erfolgreich" LangToCompare="DE" ValLangToCompare="Löschen erfolgreich" />
  <line TecLocalId="NewToken" Lang="SE" Token="ShiptoNew_Created" Value="Der Warenempfänger wurde erstellt" LangToCompare="DE" ValLangToCompare="Der Warenempfänger wurde erstellt" />
  <line TecLocalId="NewToken" Lang="SE" Token="ShiptoNew_FillCountry" Value="Ländercode auswählen" LangToCompare="DE" ValLangToCompare="Ländercode auswählen" />
  <line TecLocalId="NewToken" Lang="SE" Token="ShiptoNew_Title" Value="Neuen Warenempfänger erstellen" LangToCompare="DE" ValLangToCompare="Neuen Warenempfänger erstellen" />
  <line TecLocalId="NewToken" Lang="SE" Token="SignOut" Value="Abmelden" LangToCompare="DE" ValLangToCompare="Abmelden" />
  <line TecLocalId="NewToken" Lang="SE" Token="Statistics_Inbound" Value="Eingang" LangToCompare="DE" ValLangToCompare="Eingang" />
  <line TecLocalId="NewToken" Lang="SE" Token="Statistics_Outbound" Value="Ausgang" LangToCompare="DE" ValLangToCompare="Ausgang" />
  <line TecLocalId="NewToken" Lang="SE" Token="Statistics_Received" Value="Empfangen" LangToCompare="DE" ValLangToCompare="Empfangen" />
  <line TecLocalId="NewToken" Lang="SE" Token="Statistics_Sent" Value="Gesendet" LangToCompare="DE" ValLangToCompare="Gesendet" />
  <line TecLocalId="NewToken" Lang="SE" Token="Status_Banner" Value="Banner" LangToCompare="DE" ValLangToCompare="Banner" />
  <line TecLocalId="NewToken" Lang="SE" Token="Status_COMServerModules" Value="COM Server Module" LangToCompare="DE" ValLangToCompare="COM Server Module" />
  <line TecLocalId="NewToken" Lang="SE" Token="Status_Log" Value="Log" LangToCompare="DE" ValLangToCompare="Log" />
  <line TecLocalId="NewToken" Lang="SE" Token="Status_LogPath" Value="Gegenwärtige Log-Datei (lokaler Pfad)" LangToCompare="DE" ValLangToCompare="Gegenwärtige Log-Datei (lokaler Pfad)" />
  <line TecLocalId="NewToken" Lang="SE" Token="Status_RequestTook" Value="Anfragedauer" LangToCompare="DE" ValLangToCompare="Anfragedauer" />
  <line TecLocalId="NewToken" Lang="SE" Token="Status_Server" Value="Server" LangToCompare="DE" ValLangToCompare="Server" />
  <line TecLocalId="NewToken" Lang="SE" Token="Status_Server2" Value="Server" LangToCompare="DE" ValLangToCompare="Server" />
  <line TecLocalId="NewToken" Lang="SE" Token="Status_StatusInformation" Value="Statusinformation" LangToCompare="DE" ValLangToCompare="Statusinformation" />
  <line TecLocalId="NewToken" Lang="SE" Token="TecAddons_Add" Value="Hinzufügen" LangToCompare="DE" ValLangToCompare="Hinzufügen" />
  <line TecLocalId="NewToken" Lang="SE" Token="TecAddons_Change" Value="Ändern" LangToCompare="DE" ValLangToCompare="Ändern" />
  <line TecLocalId="NewToken" Lang="SE" Token="TecAddons_Directory" Value="Verzeichnis" LangToCompare="DE" ValLangToCompare="Verzeichnis" />
  <line TecLocalId="NewToken" Lang="SE" Token="TecAddons_DocOutDirs" Value="Dokumentenausgangsverzeichnisse" LangToCompare="DE" ValLangToCompare="Dokumentenausgangsverzeichnisse" />
  <line TecLocalId="NewToken" Lang="SE" Token="TecAddons_Remove" Value="Entfernen" LangToCompare="DE" ValLangToCompare="Entfernen" />
  <line TecLocalId="NewToken" Lang="SE" Token="TecAddons_TransFile" Value="Umwandlungsdatei" LangToCompare="DE" ValLangToCompare="Umwandlungsdatei" />
  <line TecLocalId="NewToken" Lang="SE" Token="TecComID_Empty" Value="TecCom ID ist ungültig oder leer" LangToCompare="DE" ValLangToCompare="TecCom ID ist ungültig oder leer" />
  <line TecLocalId="NewToken" Lang="SE" Token="TecComIdEmpty" Value="TecCom ID ist ungültig oder leer" LangToCompare="DE" ValLangToCompare="TecCom ID ist ungültig oder leer" />
  <line TecLocalId="NewToken" Lang="SE" Token="TecSAP_BAPI" Value="BAPI" LangToCompare="DE" ValLangToCompare="BAPI" />
  <line TecLocalId="NewToken" Lang="SE" Token="TecSAP_Configuration" Value="Konfiguration" LangToCompare="DE" ValLangToCompare="Konfiguration" />
  <line TecLocalId="NewToken" Lang="SE" Token="TecSAP_FCreate_Xml" Value="IDEST" LangToCompare="DE" ValLangToCompare="IDEST" />
  <line TecLocalId="NewToken" Lang="SE" Token="TecSAP_FSimulate_Xml" Value="Rfc Funktion" LangToCompare="DE" ValLangToCompare="Rfc Funktion" />
  <line TecLocalId="NewToken" Lang="SE" Token="TecSAP_R3Name" Value="R3 Name" LangToCompare="DE" ValLangToCompare="R3 Name" />
  <line TecLocalId="NewToken" Lang="SE" Token="TECSAP_XML" Value="XML" LangToCompare="DE" ValLangToCompare="XML" />
  <line TecLocalId="NewToken" Lang="SE" Token="TOOLTIP_DTS_NOTIFICATION_TYPE" Value="Rückmeldungsart" LangToCompare="DE" ValLangToCompare="Rückmeldungsart" />
  <line TecLocalId="NewToken" Lang="SE" Token="TOOLTIP_DTS_ROW_ACTION" Value="Aktion" LangToCompare="DE" ValLangToCompare="Aktion" />
  <line TecLocalId="NewToken" Lang="SE" Token="TOOLTIP_DTS_ROW_STATUS" Value="Statusanfrage deaktivieren" LangToCompare="DE" ValLangToCompare="Statusanfrage deaktivieren" />
  <line TecLocalId="NewToken" Lang="SE" Token="TOOLTIP_EXPORT_DOWNLOAD" Value="To be translated" LangToCompare="DE" ValLangToCompare="To be translated" />
  <line TecLocalId="NewToken" Lang="SE" Token="TOOLTIP_INBOUND_DETAIL_QUANTITY" Value="Erhöhte/ reduzierte Bestellmenge" LangToCompare="DE" ValLangToCompare="Erhöhte/ reduzierte Bestellmenge" />
  <line TecLocalId="Var561" Lang="SE" Token="TOOLTIP_INBOUND_DETAILS" Value="Artikel anzeigen" LangToCompare="DE" ValLangToCompare="Artikel anzeigen" />
  <line TecLocalId="NewToken" Lang="SE" Token="TOOLTIP_OUTBOUND_DETAIL_QUANTITY" Value="Erhöhte/ reduzierte Bestellmenge" LangToCompare="DE" ValLangToCompare="Erhöhte/ reduzierte Bestellmenge" />
  <line TecLocalId="Var561" Lang="SE" Token="TOOLTIP_OUTBOUND_DETAILS" Value="Artikel anzeigen" LangToCompare="DE" ValLangToCompare="Artikel anzeigen" />
  <line TecLocalId="NewToken" Lang="SE" Token="TOOLTIP_RECEIVED_DETAILS" Value="Dokument anzeigen" LangToCompare="DE" ValLangToCompare="Dokument anzeigen" />
  <line TecLocalId="NewToken" Lang="SE" Token="TOOLTIP_RECEIVED_NOTIFICATION_TYPE" Value="Rückmeldungsart" LangToCompare="DE" ValLangToCompare="Rückmeldungsart" />
  <line TecLocalId="NewToken" Lang="SE" Token="TOOLTIP_SENT_DETAILS" Value="Dokument anzeigen" LangToCompare="DE" ValLangToCompare="Dokument anzeigen" />
  <line TecLocalId="NewToken" Lang="SE" Token="TOOLTIP_SENT_NOTIFICATION_TYPE" Value="Rückmeldungsart" LangToCompare="DE" ValLangToCompare="Rückmeldungsart" />
  <line TecLocalId="NewToken" Lang="SE" Token="UnexpectedError" Value="Unerwarteter Fehler!" LangToCompare="DE" ValLangToCompare="Unerwarteter Fehler!" />
  <line TecLocalId="NewToken" Lang="SE" Token="User" Value="Benutzer" LangToCompare="DE" ValLangToCompare="Benutzer" />
  <line TecLocalId="NewToken" Lang="SE" Token="User_Details" Value="Details" LangToCompare="DE" ValLangToCompare="Details" />
  <line TecLocalId="NewToken" Lang="SE" Token="User_Header" Value="Benutzerliste" LangToCompare="DE" ValLangToCompare="Benutzerliste" />
  <line TecLocalId="NewToken" Lang="SE" Token="User_HidePriceInfo" Value="Preisinformationen ausblenden" LangToCompare="DE" ValLangToCompare="Preisinformationen ausblenden" />
  <line TecLocalId="NewToken" Lang="SE" Token="User_HideStatistics" Value="Statistik ausblenden" LangToCompare="DE" ValLangToCompare="Statistik ausblenden" />
  <line TecLocalId="NewToken" Lang="SE" Token="User_Organizations" Value="Zusätzliche Organisationen" LangToCompare="DE" ValLangToCompare="Zusätzliche Organisationen" />
  <line TecLocalId="NewToken" Lang="SE" Token="UserAddNew_DefaultOrganization" Value="Standardorganisation" LangToCompare="DE" ValLangToCompare="Standardorganisation" />
  <line TecLocalId="NewToken" Lang="SE" Token="UserAddNew_HideStatistics" Value="Statistik ausblenden" LangToCompare="DE" ValLangToCompare="Statistik ausblenden" />
  <line TecLocalId="NewToken" Lang="SE" Token="UserAddNew_Organizations" Value="Organisationen" LangToCompare="DE" ValLangToCompare="Organisationen" />
  <line TecLocalId="NewToken" Lang="SE" Token="UserAddNew_Title" Value="Neuen Benutzer erstellen" LangToCompare="DE" ValLangToCompare="Neuen Benutzer erstellen" />
  <line TecLocalId="NewToken" Lang="SE" Token="UserAddNew_UserConfirmPassword" Value="Kennwort wiederholen" LangToCompare="DE" ValLangToCompare="Kennwort wiederholen" />
  <line TecLocalId="NewToken" Lang="SE" Token="UserDelete_Content" Value="Wollen Sie die Benutzerkennung %users% wirklich löschen?" LangToCompare="DE" ValLangToCompare="Wollen Sie die Benutzerkennung %users% wirklich löschen?" />
  <line TecLocalId="NewToken" Lang="SE" Token="UserProfile" Value="Benutzerprofil" LangToCompare="DE" ValLangToCompare="Benutzerprofil" />
  <line TecLocalId="NewToken" Lang="SE" Token="UserProfile_ClearComponents_OK" Value="Ihre kundenspezifischen Einstellungen wurden entfernt" LangToCompare="DE" ValLangToCompare="Ihre kundenspezifischen Einstellungen wurden entfernt" />
  <line TecLocalId="NewToken" Lang="SE" Token="UserProfile_ClearComponents_Title" Value="Einstellungen bereinigt" LangToCompare="DE" ValLangToCompare="Einstellungen bereinigt" />
  <line TecLocalId="NewToken" Lang="SE" Token="UserProfile_ClearSettings" Value="TStandardeinstellungen wiederherstellen" LangToCompare="DE" ValLangToCompare="TStandardeinstellungen wiederherstellen" />
  <line TecLocalId="NewToken" Lang="SE" Token="UserProfile_ComponentSettings" Value="Komponenteneinstellungen" LangToCompare="DE" ValLangToCompare="Komponenteneinstellungen" />
  <line TecLocalId="NewToken" Lang="SE" Token="UserProfile_DeleteContent" Value="Wollen Sie Ihre Einstellungen wirklich löschen?" LangToCompare="DE" ValLangToCompare="Wollen Sie Ihre Einstellungen wirklich löschen?" />
  <line TecLocalId="NewToken" Lang="SE" Token="UserProfile_DeleteContentMsg" Value="Sind Sie sicher, dass Sie die Standardeisntellungen wiederherstellen möchten?" LangToCompare="DE" ValLangToCompare="Sind Sie sicher, dass Sie die Standardeisntellungen wiederherstellen möchten?" />
  <line TecLocalId="NewToken" Lang="SE" Token="UserProfile_SavedNewPwd" Value="Das neue Kennwort wurde gespeichert" LangToCompare="DE" ValLangToCompare="Das neue Kennwort wurde gespeichert" />
  <line TecLocalId="NewToken" Lang="SE" Token="UserProfile_UserSettings" Value="Benutzereinstellungen" LangToCompare="DE" ValLangToCompare="Benutzereinstellungen" />
  <line TecLocalId="NewToken" Lang="SE" Token="UserProfileChangePwd_Valid_Password" Value="Geben Sie ein gültiges Passwort ein!" LangToCompare="DE" ValLangToCompare="Geben Sie ein gültiges Passwort ein!" />
  <line TecLocalId="NewToken" Lang="SE" Token="UserPwdDelete_Content" Value="Wollen Sie wirklich das Kennwort der Benutzerkennung %users% löschen?" LangToCompare="DE" ValLangToCompare="Wollen Sie wirklich das Kennwort der Benutzerkennung %users% löschen?" />
  <line TecLocalId="NewToken" Lang="SE" Token="UsersDelete_Content" Value="Wollen Sie die %users% ausgewählten Benutzer wirklich löschen?" LangToCompare="DE" ValLangToCompare="Wollen Sie die %users% ausgewählten Benutzer wirklich löschen?" />
  <line TecLocalId="NewToken" Lang="SE" Token="UsersIn" Value="Benutzer in" LangToCompare="DE" ValLangToCompare="Benutzer in" />
  <line TecLocalId="NewToken" Lang="SE" Token="UsersPwdDelete_Content" Value="Wollen Sie das Kennwort wirklich für die %users% ausgewählten Benutzer löschen?" LangToCompare="DE" ValLangToCompare="Wollen Sie das Kennwort wirklich für die %users% ausgewählten Benutzer löschen?" />
  <line TecLocalId="NewToken" Lang="SE" Token="ValidationEngine_Required" Value="*Dieses Feld wird benötigt" LangToCompare="DE" ValLangToCompare="*Dieses Feld wird benötigt" />
  <line TecLocalId="NewToken" Lang="SE" Token="ValidationEngine_Required_Checkboxe" Value="*Diese Checkbox wird benötigt" LangToCompare="DE" ValLangToCompare="*Diese Checkbox wird benötigt" />
  <line TecLocalId="NewToken" Lang="SE" Token="ValidationEngine_Required_CheckboxMultiple" Value="*Bitte wählen Sie eine Möglichkeit" LangToCompare="DE" ValLangToCompare="*Bitte wählen Sie eine Möglichkeit" />
  <line TecLocalId="NewToken" Lang="SE" Token="ValidationEngine_Required_DataRange" Value="*Beide Felder des Datumbereichs werden benötigt" LangToCompare="DE" ValLangToCompare="*Beide Felder des Datumbereichs werden benötigt" />
  <line TecLocalId="NewToken" Lang="SE" Token="WindowBlockedContent" Value="Ihr Browser erlaubt keine Pop-ups. Bitte erlauben Sie Pop-ups für diese Seite um drucken zu können." LangToCompare="DE" ValLangToCompare="Ihr Browser erlaubt keine Pop-ups. Bitte erlauben Sie Pop-ups für diese Seite um drucken zu können." />
  <line TecLocalId="NewToken" Lang="SE" Token="WindowBlockedTitle" Value="Fenster blockiert" LangToCompare="DE" ValLangToCompare="Fenster blockiert" />
</Lines>